graph_name,motif,average_count,standard_deviation,z_score,significance_profile,nodes,edges,max_degree,avg_degree
100318079_sample_sff_15,claw1,8.64,2.447447650104084,4.64157016781008,0.40773001038383755,33.0,342.0,26.5,20.727272727272727
100318079_sample_sff_15,claw2,10.16,2.0752509888364505,-2.004576806554095,-0.1760882831891175,33.0,342.0,26.5,20.727272727272727
100318079_sample_sff_15,claw3,12.84,1.572683481611393,-2.4416864835799528,-0.21448536148573094,33.0,342.0,26.5,20.727272727272727
100318079_sample_sff_15,claw4,18.76,1.786057109949175,-1.5453033302381587,-0.13574426758724456,33.0,342.0,26.5,20.727272727272727
100318079_sample_sff_15,claw5,5.48,1.9390719429665317,1.2995907702860794,0.11416010942553176,33.0,342.0,26.5,20.727272727272727
100318079_sample_sff_15,claw6,16.36,1.8681541692269406,1.4131596007905798,0.12413634995767207,33.0,342.0,26.5,20.727272727272727
100318079_sample_sff_15,claw7,8.76,2.259793500890439,4.973905799610026,0.4369234095366597,33.0,342.0,26.5,20.727272727272727
100318079_sample_sff_15,claw8,3.2,1.6583123951777,3.497531597102058,0.30723409166451104,33.0,342.0,26.5,20.727272727272727
100318079_sample_sff_15,claw9,1.8,1.7795130420052185,7.4177596277270155,0.651599157331041,33.0,342.0,26.5,20.727272727272727
100318079_sample_rpn_20,claw1,11.68,2.672701504720146,1.616342113913817,0.14922608478216645,41.0,495.0,27.0,24.146341463414632
100318079_sample_rpn_20,claw2,16.48,3.618471132029843,-1.5144517670715536,-0.13981922876729022,41.0,495.0,27.0,24.146341463414632
100318079_sample_rpn_20,claw3,16.32,2.925747767665559,-4.210889310471925,-0.3887633192525396,41.0,495.0,27.0,24.146341463414632
100318079_sample_rpn_20,claw4,21.72,2.1509687739868903,-1.7294532793727444,-0.1596688841259962,41.0,495.0,27.0,24.146341463414632
100318079_sample_rpn_20,claw5,10.68,2.593581821856921,2.8223516753210105,0.2605689023140798,41.0,495.0,27.0,24.146341463414632
100318079_sample_rpn_20,claw6,18.56,3.189566323708183,0.1379497885745352,0.012735983717988524,41.0,495.0,27.0,24.146341463414632
100318079_sample_rpn_20,claw7,10.8,4.010403138505321,2.2940337123885364,0.21179282919822057,41.0,495.0,27.0,24.146341463414632
100318079_sample_rpn_20,claw8,5.24,2.681417535558384,5.504551157836128,0.5081984876196975,41.0,495.0,27.0,24.146341463414632
100318079_sample_rpn_20,claw9,2.52,2.6633312473917576,6.938678776099577,0.6406019235688017,41.0,495.0,27.0,24.146341463414632
20060293_sample_sff_15,claw1,6.44,2.142428528562855,-0.6721344403334448,-0.06670101981762282,36.0,353.0,27.0,19.61111111111111
20060293_sample_sff_15,claw2,10.2,1.8484227510682365,0.4328014246403678,0.04295018179355762,36.0,353.0,27.0,19.61111111111111
20060293_sample_sff_15,claw3,12.6,1.2583057392117916,5.086204251129769,0.5047427868489825,36.0,353.0,27.0,19.61111111111111
20060293_sample_sff_15,claw4,19.84,1.841195263952197,-0.9993508217321658,-0.09917319358318562,36.0,353.0,27.0,19.61111111111111
20060293_sample_sff_15,claw5,5.64,2.3958297101421877,2.2372207746275485,0.22201645722959734,36.0,353.0,27.0,19.61111111111111
20060293_sample_sff_15,claw6,16.48,2.238302928559939,1.5726200216628712,0.15606306258981043,36.0,353.0,27.0,19.61111111111111
20060293_sample_sff_15,claw7,8.76,3.017725412735007,3.39328421227011,0.3367414372891985,36.0,353.0,27.0,19.61111111111111
20060293_sample_sff_15,claw8,3.24,2.241279396535232,4.354655655643769,0.4321456478884218,36.0,353.0,27.0,19.61111111111111
20060293_sample_sff_15,claw9,2.36,2.2708295107001466,6.0066156158920485,0.5960822168756859,36.0,353.0,27.0,19.61111111111111
14203895_sample_rn_15,claw1,0.04,0.2,4.8,0.5418081983464867,25.0,74.0,11.0,5.92
14203895_sample_rn_15,claw2,0.2,0.4082482904638631,1.9595917942265424,0.22119227073425884,25.0,74.0,11.0,5.92
14203895_sample_rn_15,claw3,0.32,0.6271629240742259,-0.5102342433146245,-0.05759356168853744,25.0,74.0,11.0,5.92
14203895_sample_rn_15,claw4,4.6,1.2583057392117916,-2.8609898912604943,-0.32293912051486656,25.0,74.0,11.0,5.92
14203895_sample_rn_15,claw5,0.04,0.2,-0.19999999999999998,-0.022575341597770283,25.0,74.0,11.0,5.92
14203895_sample_rn_15,claw6,2.8,1.632993161855452,0.12247448713915901,0.01382451692089119,25.0,74.0,11.0,5.92
14203895_sample_rn_15,claw7,1.12,1.0923979738782625,2.636401814052567,0.29758835770608977,25.0,74.0,11.0,5.92
14203895_sample_rn_15,claw8,0.04,0.2,-0.19999999999999998,-0.022575341597770283,25.0,74.0,11.0,5.92
14203895_sample_rn_15,claw9,0.16,0.4725815626252608,6.009544647115257,0.6783376162783941,25.0,74.0,11.0,5.92
20060293_sample_rpn_20,claw1,3.92,1.4977761292440648,0.7210690429050178,0.05980419726877909,44.0,262.0,18.0,11.909090909090908
20060293_sample_rpn_20,claw2,6.56,1.3253930234714029,-1.1770093642971848,-0.09761908502692604,44.0,262.0,18.0,11.909090909090908
20060293_sample_rpn_20,claw3,9.12,1.96468827043885,0.44790820673217346,0.037148718305529106,44.0,262.0,18.0,11.909090909090908
20060293_sample_rpn_20,claw4,18.8,1.9999999999999998,-0.4000000000000004,-0.03317529596214093,44.0,262.0,18.0,11.909090909090908
20060293_sample_rpn_20,claw5,2.0,1.4719601443879744,2.0380986614602725,0.16903631573496936,44.0,262.0,18.0,11.909090909090908
20060293_sample_rpn_20,claw6,12.24,2.1071307505705477,3.208154025643447,0.2660786482321377,44.0,262.0,18.0,11.909090909090908
20060293_sample_rpn_20,claw7,3.92,2.1197484127446193,5.227035403533468,0.4335211162920284,44.0,262.0,18.0,11.909090909090908
20060293_sample_rpn_20,claw8,0.8,0.816496580927726,7.593418202627852,0.6297847405912174,44.0,262.0,18.0,11.909090909090908
20060293_sample_rpn_20,claw9,0.68,1.1075498483890764,6.609183334408731,0.5481540329676472,44.0,262.0,18.0,11.909090909090908
7861312,claw1,132.28,4.809019304043878,-1.9297073713545918,-0.06458437261167785,220.0,4740.0,78.5,43.09090909090909
7861312,claw2,146.08,2.9709706606876254,-11.134408170945623,-0.3726517174560366,220.0,4740.0,78.5,43.09090909090909
7861312,claw3,147.08,3.4751498768638265,-10.957800770988783,-0.36674093621836873,220.0,4740.0,78.5,43.09090909090909
7861312,claw4,189.2,2.466441431158124,-16.704227994035286,-0.5590651209462344,220.0,4740.0,78.5,43.09090909090909
7861312,claw5,119.36,5.353192194071371,3.1084256639297765,0.1040342822414669,220.0,4740.0,78.5,43.09090909090909
7861312,claw6,149.16,5.1533160844903225,2.6856493514251065,0.08988460167149233,220.0,4740.0,78.5,43.09090909090909
7861312,claw7,106.64,6.102458520956943,8.744016828095125,0.2926489525466533,220.0,4740.0,78.5,43.09090909090909
7861312,claw8,86.8,5.94418483337567,9.286386871764252,0.3108012535191836,220.0,4740.0,78.5,43.09090909090909
7861312,claw9,58.92,6.744874597302261,13.651847587622921,0.4569065882864676,220.0,4740.0,78.5,43.09090909090909
100318079,claw1,155.72,3.285320887422313,0.08522759559712026,0.003406084282762033,220.0,8354.0,110.0,75.94545454545455
100318079,claw2,162.04,2.978814081699852,-9.74884608556315,-0.38960845010890804,220.0,8354.0,110.0,75.94545454545455
100318079,claw3,163.68,3.023794525647094,-7.8312199453871525,-0.3129713443627524,220.0,8354.0,110.0,75.94545454545455
100318079,claw4,194.0,2.9154759474226504,-9.260923597695477,-0.3701088372723776,220.0,8354.0,110.0,75.94545454545455
100318079,claw5,150.12,4.065300316909769,1.9383561817617359,0.07746557296186772,220.0,8354.0,110.0,75.94545454545455
100318079,claw6,170.36,3.5925849560819945,1.0131980299694017,0.04049202445552554,220.0,8354.0,110.0,75.94545454545455
100318079,claw7,146.2,3.862210075418822,9.269304181005179,0.3704437636878368,220.0,8354.0,110.0,75.94545454545455
100318079,claw8,134.84,3.782415454001142,8.238122009320287,0.3292330107265154,220.0,8354.0,110.0,75.94545454545455
100318079,claw9,114.36,3.8392707640904935,15.01326776405536,0.5999988032722902,220.0,8354.0,110.0,75.94545454545455
20060293_sample_rn_20,claw1,6.24,1.392838827718412,1.2636063591672189,0.08707479319985693,48.0,328.0,21.5,13.666666666666666
20060293_sample_rn_20,claw2,9.24,1.7146428199482244,-0.1399708424447532,-0.00964535519425457,48.0,328.0,21.5,13.666666666666666
20060293_sample_rn_20,claw3,10.36,1.823001188516709,-0.19747655803390596,-0.013608059446578318,48.0,328.0,21.5,13.666666666666666
20060293_sample_rn_20,claw4,23.08,1.7540429489230491,-1.7559433204820116,-0.12100160812929837,48.0,328.0,21.5,13.666666666666666
20060293_sample_rn_20,claw5,4.12,1.3638181696985856,2.844954031414254,0.19604505956408613,48.0,328.0,21.5,13.666666666666666
20060293_sample_rn_20,claw6,16.36,2.2708295107001466,0.28183533681604944,0.0194212014616982,48.0,328.0,21.5,13.666666666666666
20060293_sample_rn_20,claw7,6.16,2.7940412786261173,4.5954940244525195,0.3166743257719135,48.0,328.0,21.5,13.666666666666666
20060293_sample_rn_20,claw8,1.4,1.2909944487358056,5.886934686235273,0.4056671736938971,48.0,328.0,21.5,13.666666666666666
20060293_sample_rn_20,claw9,1.04,1.171893055416463,11.912349796320747,0.8208769982153286,48.0,328.0,21.5,13.666666666666666
7861312_sample_rw_15,claw1,3.4,1.8708286933869709,1.3897584579446067,0.1012162053885341,33.0,215.0,18.0,13.030303030303031
7861312_sample_rw_15,claw2,5.48,1.6613247725836149,-0.8908553128346924,-0.06488105454576554,33.0,215.0,18.0,13.030303030303031
7861312_sample_rw_15,claw3,6.0,1.35400640077266,-0.7385489458759964,-0.05378857122109325,33.0,215.0,18.0,13.030303030303031
7861312_sample_rw_15,claw4,12.24,2.1268129521265693,-1.9935932756853327,-0.1451935372650273,33.0,215.0,18.0,13.030303030303031
7861312_sample_rw_15,claw5,2.64,1.823001188516709,1.8431145416497918,0.1342341605735742,33.0,215.0,18.0,13.030303030303031
7861312_sample_rw_15,claw6,9.76,2.203784623475413,2.3777278161313307,0.17317008262825184,33.0,215.0,18.0,13.030303030303031
7861312_sample_rw_15,claw7,4.08,1.9983326383095816,4.964138507186407,0.3615385535869408,33.0,215.0,18.0,13.030303030303031
7861312_sample_rw_15,claw8,1.16,1.312757911167681,5.210404707381203,0.37947413811724473,33.0,215.0,18.0,13.030303030303031
7861312_sample_rw_15,claw9,0.88,1.0132456102380443,10.974634271928945,0.7992833791955813,33.0,215.0,18.0,13.030303030303031
14338082_sample_rn_15,claw1,0.12,0.33166247903553997,-0.36181361349331637,-0.032647459908011364,29.0,78.0,8.5,5.379310344827586
14338082_sample_rn_15,claw2,0.24,0.5228129047119374,-0.45905523340560356,-0.04142184475446525,29.0,78.0,8.5,5.379310344827586
14338082_sample_rn_15,claw3,0.16,0.3741657386773941,-0.4276179870598791,-0.03858517360276112,29.0,78.0,8.5,5.379310344827586
14338082_sample_rn_15,claw4,3.92,1.1150485789118487,-2.6187199869350657,-0.2362944692940635,29.0,78.0,8.5,5.379310344827586
14338082_sample_rn_15,claw5,0.08,0.27688746209726917,3.32264954516723,0.29981201306076116,29.0,78.0,8.5,5.379310344827586
14338082_sample_rn_15,claw6,2.0,1.0408329997330663,0.0,0.0,29.0,78.0,8.5,5.379310344827586
14338082_sample_rn_15,claw7,0.36,0.5686240703077328,2.8841550782619017,0.26024542409259627,29.0,78.0,8.5,5.379310344827586
14338082_sample_rn_15,claw8,0.04,0.2,-0.19999999999999998,-0.01804656247884075,29.0,78.0,8.5,5.379310344827586
14338082_sample_rn_15,claw9,0.04,0.2,9.799999999999999,0.8842815614631968,29.0,78.0,8.5,5.379310344827586
14338082_sample_rpn_20,claw1,2.52,1.004987562112089,1.472655041510784,0.13139753989763495,38.0,221.0,27.0,11.631578947368421
14338082_sample_rpn_20,claw2,4.0,1.5,-0.6666666666666666,-0.05948328526542797,38.0,221.0,27.0,11.631578947368421
14338082_sample_rpn_20,claw3,3.64,1.7291616465790582,0.20819337550784642,0.01857603891855839,38.0,221.0,27.0,11.631578947368421
14338082_sample_rpn_20,claw4,16.84,1.6753109164172084,-3.4859201016187042,-0.31103096972561256,38.0,221.0,27.0,11.631578947368421
14338082_sample_rpn_20,claw5,2.44,1.2609520212918492,3.6163152308747373,0.32266546573175103,38.0,221.0,27.0,11.631578947368421
14338082_sample_rpn_20,claw6,10.92,2.4310491562286436,0.032907602791589115,0.0029361784863802336,38.0,221.0,27.0,11.631578947368421
14338082_sample_rpn_20,claw7,4.24,2.005824851110718,4.367280620313974,0.38967029845846696,38.0,221.0,27.0,11.631578947368421
14338082_sample_rpn_20,claw8,1.4,1.2583057392117916,4.4504287197385475,0.3970891816344921,38.0,221.0,27.0,11.631578947368421
14338082_sample_rpn_20,claw9,1.24,1.011599393699568,7.671020809552423,0.6844462786374614,38.0,221.0,27.0,11.631578947368421
7861312_sample_rpn_10,claw1,0.12,0.33166247903553997,-0.36181361349331637,-0.029168886616676992,18.0,80.0,8.5,8.88888888888889
7861312_sample_rpn_10,claw2,0.64,0.9073771725877466,-0.7053296240358192,-0.05686264712995458,18.0,80.0,8.5,8.88888888888889
7861312_sample_rpn_10,claw3,1.08,0.8621678104251708,-1.2526563703038358,-0.10098733235123475,18.0,80.0,8.5,8.88888888888889
7861312_sample_rpn_10,claw4,2.92,1.255653880122491,0.06371182478422792,0.005136354531632527,18.0,80.0,8.5,8.88888888888889
7861312_sample_rpn_10,claw5,0.08,0.27688746209726917,-0.2889260474058461,-0.02329279718365668,18.0,80.0,8.5,8.88888888888889
7861312_sample_rpn_10,claw6,3.2,1.3228756555322954,1.3606721028332178,0.10969540340623682,18.0,80.0,8.5,8.88888888888889
7861312_sample_rpn_10,claw7,0.88,1.0132456102380443,3.0792139324117187,0.2482417430229409,18.0,80.0,8.5,8.88888888888889
7861312_sample_rpn_10,claw8,0.08,0.27688746209726917,6.934225137740306,0.5590271324077603,18.0,80.0,8.5,8.88888888888889
7861312_sample_rpn_10,claw9,0.2,0.5,9.6,0.7739380196794939,18.0,80.0,8.5,8.88888888888889
14203895_sample_rw_10,claw1,1.16,1.0677078252031311,-1.086439541434765,-0.1116366452915211,21.0,122.0,14.0,11.619047619047619
14203895_sample_rw_10,claw2,2.04,1.0984838035522722,-0.036413827742064295,-0.003741687794222714,21.0,122.0,14.0,11.619047619047619
14203895_sample_rw_10,claw3,2.2,1.3228756555322954,-0.9071147352221455,-0.09321019907004859,21.0,122.0,14.0,11.619047619047619
14203895_sample_rw_10,claw4,4.6,1.4719601443879744,0.27174648819470326,0.027923197890740787,21.0,122.0,14.0,11.619047619047619
14203895_sample_rw_10,claw5,1.44,0.9165151389911681,0.6110100926607787,0.06278408911169635,21.0,122.0,14.0,11.619047619047619
14203895_sample_rw_10,claw6,4.72,1.7204650534085255,1.3252230816795398,0.1361727491124075,21.0,122.0,14.0,11.619047619047619
14203895_sample_rw_10,claw7,2.08,1.255653880122491,2.3254816046243167,0.2389538995281408,21.0,122.0,14.0,11.619047619047619
14203895_sample_rw_10,claw8,0.36,0.7571877794400365,3.486585589049471,0.35826265874787866,21.0,122.0,14.0,11.619047619047619
14203895_sample_rw_10,claw9,0.44,0.7681145747868608,8.540392560342045,0.8775645017946898,21.0,122.0,14.0,11.619047619047619
14338082_sample_sff_15,claw1,7.16,1.9510680835549197,0.4305334124832221,0.047060999263296266,32.0,397.0,24.0,24.8125
14338082_sample_sff_15,claw2,13.04,2.6217042802980917,-2.3038448864695154,-0.2518300307507862,32.0,397.0,24.0,24.8125
14338082_sample_sff_15,claw3,11.12,2.9765752132274432,-0.7122279291243994,-0.07785262903173303,32.0,397.0,24.0,24.8125
14338082_sample_sff_15,claw4,15.08,2.72213151776324,-1.4988254510761159,-0.16383449322101473,32.0,397.0,24.0,24.8125
14338082_sample_sff_15,claw5,8.68,2.6570660511172846,2.0022084124566506,0.2188585737866745,32.0,397.0,24.0,24.8125
14338082_sample_sff_15,claw6,16.04,1.8814887722226779,1.041728246767359,0.11386984339010876,32.0,397.0,24.0,24.8125
14338082_sample_sff_15,claw7,9.92,2.6286878856189833,4.2150306472732755,0.4607390470393028,32.0,397.0,24.0,24.8125
14338082_sample_sff_15,claw8,5.88,2.9484459183327973,3.7714783679287627,0.4122549738263348,32.0,397.0,24.0,24.8125
14338082_sample_sff_15,claw9,2.96,2.589723279940671,6.193711939897867,0.6770259045851915,32.0,397.0,24.0,24.8125
7861312_sample_rn_10,claw1,0.4,0.7637626158259734,0.7855844048495725,0.0712282892509147,20.0,81.0,12.0,8.1
7861312_sample_rn_10,claw2,0.96,0.9345230512584125,-1.027261980009247,-0.09314099541293334,20.0,81.0,12.0,8.1
7861312_sample_rn_10,claw3,1.12,0.7810249675906654,2.4070933427384444,0.21824916560475224,20.0,81.0,12.0,8.1
7861312_sample_rn_10,claw4,4.64,1.2543258481484518,0.2870067618644766,0.026022666087631742,20.0,81.0,12.0,8.1
7861312_sample_rn_10,claw5,0.2,0.4082482904638631,-0.4898979485566356,-0.044418642437159324,20.0,81.0,12.0,8.1
7861312_sample_rn_10,claw6,3.4,1.3228756555322954,2.721344205666436,0.2467420318375928,20.0,81.0,12.0,8.1
7861312_sample_rn_10,claw7,0.92,1.0376254944182255,3.932054505163801,0.35651613488661266,20.0,81.0,12.0,8.1
7861312_sample_rn_10,claw8,0.08,0.27688746209726917,6.934225137740306,0.6287204669452511,20.0,81.0,12.0,8.1
7861312_sample_rn_10,claw9,0.12,0.439696865275764,6.5499670965217245,0.593880107668837,20.0,81.0,12.0,8.1
14338082_sample_rw_10,claw1,0.36,0.4898979485566356,1.3063945294843617,0.13390003393120958,20.0,80.0,14.5,8.0
14338082_sample_rw_10,claw2,0.8,0.6454972243679029,-1.2393546707863732,-0.1270287257989356,20.0,80.0,14.5,8.0
14338082_sample_rw_10,claw3,0.84,0.8981462390204987,0.17814470856604933,0.018259095536074035,20.0,80.0,14.5,8.0
14338082_sample_rw_10,claw4,3.44,1.7813852287849847,-0.24699879222648952,-0.025316354220458054,20.0,80.0,14.5,8.0
14338082_sample_rw_10,claw5,0.12,0.33166247903553997,5.668413278061956,0.580988907361848,20.0,80.0,14.5,8.0
14338082_sample_rw_10,claw6,2.64,1.2543258481484518,-0.5102342433146246,-0.05229689879339863,20.0,80.0,14.5,8.0
14338082_sample_rw_10,claw7,0.84,0.9865765724632496,1.1757830384151056,0.12051289651500945,20.0,80.0,14.5,8.0
14338082_sample_rw_10,claw8,0.08,0.27688746209726917,3.32264954516723,0.3405578305774251,20.0,80.0,14.5,8.0
14338082_sample_rw_10,claw9,0.2,0.4082482904638631,6.858571279792898,0.7029751781388502,20.0,80.0,14.5,8.0
14203895_sample_sff_15,claw1,4.2,1.5545631755148024,1.1578815376248184,0.09025631497658942,32.0,225.0,15.5,14.0625
14203895_sample_sff_15,claw2,6.28,2.1702534414210706,0.7925341654446371,0.0617776611351907,32.0,225.0,15.5,14.0625
14203895_sample_sff_15,claw3,7.64,1.9339079605813716,1.7374146383832645,0.135430644458266,32.0,225.0,15.5,14.0625
14203895_sample_sff_15,claw4,13.44,1.6093476939431082,-0.2734026970405277,-0.021311610158460483,32.0,225.0,15.5,14.0625
14203895_sample_sff_15,claw5,2.48,1.2622730819174324,5.165284828934096,0.40263149494584527,32.0,225.0,15.5,14.0625
14203895_sample_sff_15,claw6,10.96,1.9252705437591535,1.5789988632269312,0.12308221015375126,32.0,225.0,15.5,14.0625
14203895_sample_sff_15,claw7,4.36,1.8,4.2444444444444445,0.3308524250798985,32.0,225.0,15.5,14.0625
14203895_sample_sff_15,claw8,0.92,1.351542328847553,5.238459683343434,0.4083354400329076,32.0,225.0,15.5,14.0625
14203895_sample_sff_15,claw9,0.64,0.9073771725877466,9.213368213967888,0.7181776688667004,32.0,225.0,15.5,14.0625
14203895_sample_rpn_20,claw1,4.6,1.35400640077266,-0.4431293675255976,-0.035934590911150976,34.0,309.0,25.0,18.176470588235293
14203895_sample_rpn_20,claw2,9.08,1.705872210923198,-0.6331072123013931,-0.05134042188173318,34.0,309.0,25.0,18.176470588235293
14203895_sample_rpn_20,claw3,9.8,2.362907813126304,-1.1849806346424456,-0.09609337016250132,34.0,309.0,25.0,18.176470588235293
14203895_sample_rpn_20,claw4,15.6,2.273030282830976,-1.1438474971665555,-0.09275776982451907,34.0,309.0,25.0,18.176470588235293
14203895_sample_rpn_20,claw5,5.16,1.885912687975418,3.0966438887843792,0.251115451820183,34.0,309.0,25.0,18.176470588235293
14203895_sample_rpn_20,claw6,14.0,2.101586702153082,0.9516619028617729,0.07717290631406835,34.0,309.0,25.0,18.176470588235293
14203895_sample_rpn_20,claw7,6.52,2.5839246635044657,2.5078130533463217,0.20336552428662683,34.0,309.0,25.0,18.176470588235293
14203895_sample_rpn_20,claw8,3.24,2.50466231922256,3.896732874964748,0.31599688942710996,34.0,309.0,25.0,18.176470588235293
14203895_sample_rpn_20,claw9,2.2,1.5545631755148024,10.806894351164972,0.8763610719316834,34.0,309.0,25.0,18.176470588235293
100318079_sample_rn_20,claw1,10.24,2.241279396535232,1.6776132443873535,0.1386547665967675,40.0,376.0,20.5,18.8
100318079_sample_rn_20,claw2,12.04,1.7435595774162693,-4.037716916121886,-0.33371738001099943,40.0,376.0,20.5,18.8
100318079_sample_rn_20,claw3,13.88,2.047763007121022,-2.871426029063184,-0.2373234159849722,40.0,376.0,20.5,18.8
100318079_sample_rn_20,claw4,20.48,1.8284784202536637,-1.356318987705609,-0.11209979016335361,40.0,376.0,20.5,18.8
100318079_sample_rn_20,claw5,6.0,2.581988897471611,3.4856850115866753,0.2880919325883719,40.0,376.0,20.5,18.8
100318079_sample_rn_20,claw6,16.68,2.625515822335362,0.8836358860471046,0.07303252280958969,40.0,376.0,20.5,18.8
100318079_sample_rn_20,claw7,8.44,2.6783079235467557,3.1960477451989164,0.26415340700562573,40.0,376.0,20.5,18.8
100318079_sample_rn_20,claw8,3.0,1.6583123951777,5.4272042023997455,0.4485585306830004,40.0,376.0,20.5,18.8
100318079_sample_rn_20,claw9,1.28,1.458309523615157,8.036702641114253,0.6642336263375545,40.0,376.0,20.5,18.8
14338082_sample_rw_15,claw1,1.32,0.7483314773547883,0.9086882225022428,0.13389164077033996,32.0,145.0,19.5,9.0625
14338082_sample_rw_15,claw2,2.0,1.2583057392117916,0.0,0.0,32.0,145.0,19.5,9.0625
14338082_sample_rw_15,claw3,1.44,0.6506407098647712,0.8606900728919809,0.12681930193495647,32.0,145.0,19.5,9.0625
14338082_sample_rw_15,claw4,10.72,2.1509687739868903,-3.1241736659636685,-0.46033471968580636,32.0,145.0,19.5,9.0625
14338082_sample_rw_15,claw5,0.96,1.098483803552272,0.9467595212936711,0.13950129712464537,32.0,145.0,19.5,9.0625
14338082_sample_rw_15,claw6,5.44,1.9595917942265426,-0.22453655975512485,-0.033084580226819156,32.0,145.0,19.5,9.0625
14338082_sample_rw_15,claw7,2.12,1.1661903789690602,0.7545937746270387,0.11118642907210011,32.0,145.0,19.5,9.0625
14338082_sample_rw_15,claw8,0.28,0.6782329983125268,4.010421207413201,0.5909198142373812,32.0,145.0,19.5,9.0625
14338082_sample_rw_15,claw9,0.68,0.8020806277010643,4.139234741918446,0.6098999826397414,32.0,145.0,19.5,9.0625
20060293_sample_rw_20,claw1,10.8,1.9578900207451215,1.6344125390567972,0.1618167409746665,46.0,471.0,27.5,20.47826086956522
20060293_sample_rw_20,claw2,14.96,1.767295485574875,0.5884697881529996,0.058262073378318395,46.0,471.0,27.5,20.47826086956522
20060293_sample_rw_20,claw3,17.68,1.6763054614240211,0.1908959956070061,0.018899859818786256,46.0,471.0,27.5,20.47826086956522
20060293_sample_rw_20,claw4,26.36,1.6299284237863534,-1.4479163413309135,-0.14335248779560986,46.0,471.0,27.5,20.47826086956522
20060293_sample_rw_20,claw5,9.2,2.5495097567963922,3.4516439784320396,0.3417336604117274,46.0,471.0,27.5,20.47826086956522
20060293_sample_rw_20,claw6,20.12,2.0477630071210227,0.9180749888841464,0.09089498466361384,46.0,471.0,27.5,20.47826086956522
20060293_sample_rw_20,claw7,11.16,3.131559781748812,3.1422041045963605,0.3110972386301141,46.0,471.0,27.5,20.47826086956522
20060293_sample_rw_20,claw8,4.52,2.181742422927143,5.261849372941933,0.5209549588504885,46.0,471.0,27.5,20.47826086956522
20060293_sample_rw_20,claw9,2.16,2.32163735324878,6.822770997302537,0.6754956541370523,46.0,471.0,27.5,20.47826086956522
7861312_sample_rn_15,claw1,0.2,0.5,1.6,0.12289404066632677,32.0,89.0,10.5,5.5625
7861312_sample_rn_15,claw2,0.12,0.33166247903553997,-0.36181361349331637,-0.02779046058142391,32.0,89.0,10.5,5.5625
7861312_sample_rn_15,claw3,0.2,0.4082482904638631,-0.4898979485566356,-0.03762846150766827,32.0,89.0,10.5,5.5625
7861312_sample_rn_15,claw4,5.36,1.8,-1.3111111111111113,-0.10070483887935111,32.0,89.0,10.5,5.5625
7861312_sample_rn_15,claw5,0.04,0.2,4.8,0.36868212199898026,32.0,89.0,10.5,5.5625
7861312_sample_rn_15,claw6,3.12,1.0923979738782628,-0.1098500755855237,-0.008437449785129012,32.0,89.0,10.5,5.5625
7861312_sample_rn_15,claw7,0.76,1.011599393699568,2.2143152852316272,0.17007884544457785,32.0,89.0,10.5,5.5625
7861312_sample_rn_15,claw8,0.04,0.2,-0.19999999999999998,-0.015361755083290844,32.0,89.0,10.5,5.5625
7861312_sample_rn_15,claw9,0.12,0.33166247903553997,11.698640169617228,0.8985582254660397,32.0,89.0,10.5,5.5625
14203895_sample_rw_15,claw1,5.0,1.9790570145063195,0.0,0.0,32.0,270.0,21.5,16.875
14203895_sample_rw_15,claw2,7.52,1.851125783588643,-1.9015455520132356,-0.20169283948532432,32.0,270.0,21.5,16.875
14203895_sample_rw_15,claw3,7.44,1.7578395831246947,-1.9569476265206958,-0.20756921815474752,32.0,270.0,21.5,16.875
14203895_sample_rw_15,claw4,13.8,1.6832508230603465,-4.633890501130836,-0.4915067809170449,32.0,270.0,21.5,16.875
14203895_sample_rw_15,claw5,5.4,2.1984843263788196,0.7277741218357472,0.0771934329848589,32.0,270.0,21.5,16.875
14203895_sample_rw_15,claw6,12.12,2.570992026436488,0.7312352510893495,0.07756054750717244,32.0,270.0,21.5,16.875
14203895_sample_rw_15,claw7,6.96,2.169485346036397,3.2450092427966513,0.34419113843622673,32.0,270.0,21.5,16.875
14203895_sample_rw_15,claw8,3.0,2.101586702153082,3.8066476114470915,0.4037629100496286,32.0,270.0,21.5,16.875
14203895_sample_rw_15,claw9,2.0,2.0615528128088303,5.820855000871991,0.6174055478793232,32.0,270.0,21.5,16.875
7861312_sample_sff_20,claw1,8.44,2.103172207246314,-1.1601522650371527,-0.07372652886220843,44.0,415.0,24.5,18.863636363636363
7861312_sample_sff_20,claw2,14.16,2.1150256105620406,-3.8581093104738273,-0.24517903037761565,44.0,415.0,24.5,18.863636363636363
7861312_sample_sff_20,claw3,14.36,2.138535324312725,-2.973998104073382,-0.18899463774188094,44.0,415.0,24.5,18.863636363636363
7861312_sample_sff_20,claw4,26.2,2.4832774042918895,-4.9128623241666585,-0.3122075410740418,44.0,415.0,24.5,18.863636363636363
7861312_sample_sff_20,claw5,8.64,2.177154105707724,1.0839839007321155,0.06888610465363033,44.0,415.0,24.5,18.863636363636363
7861312_sample_sff_20,claw6,22.0,2.041241452319315,0.0,0.0,44.0,415.0,24.5,18.863636363636363
7861312_sample_sff_20,claw7,12.04,2.893671255228094,4.824321344305437,0.30658084938541463,44.0,415.0,24.5,18.863636363636363
7861312_sample_sff_20,claw8,4.88,2.5053276565484737,6.434288129085725,0.40889264603695125,44.0,415.0,24.5,18.863636363636363
7861312_sample_sff_20,claw9,3.44,1.8726095873584185,11.513344877408983,0.7316616783725968,44.0,415.0,24.5,18.863636363636363
14338082_sample_sff_10,claw1,1.32,1.345362404707371,-0.2378541267990933,-0.02301159660269021,21.0,168.0,15.0,16.0
14338082_sample_sff_10,claw2,2.76,1.5077577170531522,-1.167296297073408,-0.11293203891625601,21.0,168.0,15.0,16.0
14338082_sample_sff_10,claw3,3.4,1.6072751268321592,-1.4932104404118123,-0.14446314957867273,21.0,168.0,15.0,16.0
14338082_sample_sff_10,claw4,5.4,1.8708286933869707,-0.2138089935299397,-0.020685309838218577,21.0,168.0,15.0,16.0
14338082_sample_sff_10,claw5,1.4,1.118033988749895,2.3255106965997814,0.22498543441542365,21.0,168.0,15.0,16.0
14338082_sample_sff_10,claw6,5.4,2.0207259421636903,0.2969229955832359,0.02872631342736845,21.0,168.0,15.0,16.0
14338082_sample_sff_10,claw7,2.24,1.5351438586225938,5.0549008527205075,0.4890448648286496,21.0,168.0,15.0,16.0
14338082_sample_sff_10,claw8,0.32,0.5567764362830022,6.609475114585316,0.6394447602787471,21.0,168.0,15.0,16.0
14338082_sample_sff_10,claw9,0.32,0.6904105059069326,5.330162227421354,0.5156754883968003,21.0,168.0,15.0,16.0
7861312_sample_rpn_15,claw1,0.4,0.7071067811865476,5.091168824543142,0.3172832242301272,25.0,101.0,9.5,8.08
7861312_sample_rpn_15,claw2,0.88,0.9273618495495705,-0.9489284041902579,-0.05913751321574999,25.0,101.0,9.5,8.08
7861312_sample_rpn_15,claw3,0.84,0.9433981132056605,-0.8903982192053422,-0.055489893887693965,25.0,101.0,9.5,8.08
7861312_sample_rpn_15,claw4,6.08,1.8466185312619388,-2.20944387318144,-0.1376932291970133,25.0,101.0,9.5,8.08
7861312_sample_rpn_15,claw5,0.6,0.6454972243679028,2.168870673876153,0.13516469480018584,25.0,101.0,9.5,8.08
7861312_sample_rpn_15,claw6,4.52,2.6159765544311235,-0.5810449628936152,-0.03621090276182387,25.0,101.0,9.5,8.08
7861312_sample_rpn_15,claw7,1.24,1.3928388277184118,4.1354389936381715,0.2577218439866319,25.0,101.0,9.5,8.08
7861312_sample_rpn_15,claw8,0.0,0.0,1.0,0.06232031094718191,25.0,101.0,9.5,8.08
7861312_sample_rpn_15,claw9,0.2,0.4082482904638631,14.20704050814243,0.8853871821066456,25.0,101.0,9.5,8.08
14203895_sample_sff_10,claw1,1.36,0.9521904571390466,-0.3780756226875628,-0.05088563034110385,21.0,192.0,17.5,18.285714285714285
14203895_sample_sff_10,claw2,3.76,1.6653327995729061,-2.2578069686517286,-0.3038808214390585,21.0,192.0,17.5,18.285714285714285
14203895_sample_sff_10,claw3,4.96,2.423496097239138,-1.2213760126835156,-0.16438639404229763,21.0,192.0,17.5,18.285714285714285
14203895_sample_sff_10,claw4,6.84,2.3036203390894663,-0.3646434205091365,-0.049077774891816625,21.0,192.0,17.5,18.285714285714285
14203895_sample_sff_10,claw5,1.92,1.1874342087037917,-1.6169316884477163,-0.2176246847133052,21.0,192.0,17.5,18.285714285714285
14203895_sample_sff_10,claw6,7.4,2.217355782608345,-0.6313826635223764,-0.0849785145929169,21.0,192.0,17.5,18.285714285714285
14203895_sample_sff_10,claw7,4.32,1.9304576314093678,1.9062837433595188,0.2565689086228387,21.0,192.0,17.5,18.285714285714285
14203895_sample_sff_10,claw8,0.96,1.2069244660154448,2.5187988855974504,0.3390080219533617,21.0,192.0,17.5,18.285714285714285
14203895_sample_sff_10,claw9,0.56,1.0832051206181281,5.94531901430177,0.8001872838855417,21.0,192.0,17.5,18.285714285714285
100318079_sample_rw_20,claw1,21.44,3.069744831958079,0.8339455362376382,0.07344384678619735,44.0,762.0,31.0,34.63636363636363
100318079_sample_rw_20,claw2,24.84,1.9295940851208406,-4.581274408004,-0.40346329716560103,44.0,762.0,31.0,34.63636363636363
100318079_sample_rw_20,claw3,26.44,1.6350331291240963,-4.5503665139713005,-0.40074130330007507,44.0,762.0,31.0,34.63636363636363
100318079_sample_rw_20,claw4,28.76,1.877054430040145,-3.6013873075888503,-0.31716668072786514,44.0,762.0,31.0,34.63636363636363
100318079_sample_rw_20,claw5,21.56,2.7092434368288134,2.3770473750923107,0.20934161241204208,44.0,762.0,31.0,34.63636363636363
100318079_sample_rw_20,claw6,28.88,1.7156145643277028,-0.512935724782008,-0.04517318115522836,44.0,762.0,31.0,34.63636363636363
100318079_sample_rw_20,claw7,22.2,2.6457513110645907,3.3260873624811995,0.29292158784092,44.0,762.0,31.0,34.63636363636363
100318079_sample_rw_20,claw8,15.04,3.920884254008697,4.07051036604372,0.35848137159421667,44.0,762.0,31.0,34.63636363636363
100318079_sample_rw_20,claw9,7.76,3.5152050675126576,6.326800164673442,0.557188115710179,44.0,762.0,31.0,34.63636363636363
100318079_sample_sff_10,claw1,1.8,1.3844373104863459,2.311408379246769,0.26492829341256746,22.0,305.0,19.5,27.727272727272727
100318079_sample_sff_10,claw2,5.56,2.6783079235467553,-2.07593755412453,-0.23793917093287265,22.0,305.0,19.5,27.727272727272727
100318079_sample_sff_10,claw3,5.52,2.181742422927143,-2.530087851797863,-0.28999282981707813,22.0,305.0,19.5,27.727272727272727
100318079_sample_sff_10,claw4,4.84,2.9108990592827735,1.7726482076198788,0.20317684606586922,22.0,305.0,19.5,27.727272727272727
100318079_sample_sff_10,claw5,3.08,2.2345767682792492,1.7542471825743637,0.2010677630469962,22.0,305.0,19.5,27.727272727272727
100318079_sample_sff_10,claw6,7.0,2.160246899469287,1.8516401995451028,0.21223072585704164,22.0,305.0,19.5,27.727272727272727
100318079_sample_sff_10,claw7,5.04,2.776088375154268,2.5071247955545473,0.287360857312046,22.0,305.0,19.5,27.727272727272727
100318079_sample_sff_10,claw8,1.6,1.5545631755148024,4.76017965467981,0.5456008049354352,22.0,305.0,19.5,27.727272727272727
100318079_sample_sff_10,claw9,1.2,1.683250823060346,4.6338905011308364,0.5311258336466531,22.0,305.0,19.5,27.727272727272727
14338082_sample_rn_10,claw1,0.08,0.27688746209726917,-0.2889260474058461,-0.056115625148887155,18.0,37.0,5.0,4.111111111111111
14338082_sample_rn_10,claw2,0.12,0.33166247903553997,-0.36181361349331637,-0.0702719512167613,18.0,37.0,5.0,4.111111111111111
14338082_sample_rn_10,claw3,0.08,0.27688746209726917,-0.2889260474058461,-0.056115625148887155,18.0,37.0,5.0,4.111111111111111
14338082_sample_rn_10,claw4,2.44,1.044030650891055,-1.379269850718458,-0.267883739167895,18.0,37.0,5.0,4.111111111111111
14338082_sample_rn_10,claw5,0.0,0.0,0.0,0.0,18.0,37.0,5.0,4.111111111111111
14338082_sample_rn_10,claw6,1.12,0.7810249675906654,1.1267245434094844,0.21883403276273225,18.0,37.0,5.0,4.111111111111111
14338082_sample_rn_10,claw7,0.04,0.2,4.8,0.9322627818886232,18.0,37.0,5.0,4.111111111111111
14338082_sample_rn_10,claw8,0.0,0.0,0.0,0.0,18.0,37.0,5.0,4.111111111111111
14338082_sample_rn_10,claw9,0.0,0.0,0.0,0.0,18.0,37.0,5.0,4.111111111111111
7861312_sample_rw_10,claw1,0.88,0.7810249675906654,3.9947506539063546,0.302264086927821,22.0,127.0,12.5,11.545454545454545
7861312_sample_rw_10,claw2,1.8,1.1547005383792515,1.0392304845413265,0.07863370726537584,22.0,127.0,12.5,11.545454545454545
7861312_sample_rw_10,claw3,2.08,1.0770329614269007,-1.0027548261560801,-0.0758737648979777,22.0,127.0,12.5,11.545454545454545
7861312_sample_rw_10,claw4,5.28,1.7204650534085255,-2.4876994691177323,-0.18823257663113296,22.0,127.0,12.5,11.545454545454545
7861312_sample_rw_10,claw5,0.68,0.8020806277010643,5.385992194303521,0.4075328234115331,22.0,127.0,12.5,11.545454545454545
7861312_sample_rw_10,claw6,4.44,1.781385228784985,-1.3697205750741694,-0.1036403457537926,22.0,127.0,12.5,11.545454545454545
7861312_sample_rw_10,claw7,2.08,1.2884098726725126,3.0425100607688247,0.23021249764054894,22.0,127.0,12.5,11.545454545454545
7861312_sample_rw_10,claw8,0.24,0.5972157622389639,6.295882054257489,0.47637993091620995,22.0,127.0,12.5,11.545454545454545
7861312_sample_rw_10,claw9,0.32,0.5567764362830021,8.405528134853066,0.6360069768917875,22.0,127.0,12.5,11.545454545454545
14203895,claw1,101.88,3.908537663457609,-4.31875075883686,-0.14040419066356605,215.0,3640.0,85.0,33.86046511627907
14203895,claw2,117.36,3.0805843601498726,-9.855273042586948,-0.32039858574416763,215.0,3640.0,85.0,33.86046511627907
14203895,claw3,119.36,2.7519689920733725,-11.032101047449064,-0.35865770112256595,215.0,3640.0,85.0,33.86046511627907
14203895,claw4,156.92,3.053959178945696,-11.106893711562323,-0.3610892384023932,215.0,3640.0,85.0,33.86046511627907
14203895,claw5,95.84,4.450468140169826,1.3841240530181476,0.04499838687017151,215.0,3640.0,85.0,33.86046511627907
14203895,claw6,124.0,4.222953153106642,1.8944088911132602,0.061587936418506434,215.0,3640.0,85.0,33.86046511627907
14203895,claw7,86.2,4.536885862938733,10.315445751523857,0.33535897136761317,215.0,3640.0,85.0,33.86046511627907
14203895,claw8,70.16,4.731807265728392,9.476294675983077,0.30807785833633095,215.0,3640.0,85.0,33.86046511627907
14203895,claw9,42.72,4.354308211415448,19.585200647126026,0.6367221447583322,215.0,3640.0,85.0,33.86046511627907
20060293_sample_sff_10,claw1,2.36,1.3808210118138653,-0.2607144567760444,-0.024356912450853075,24.0,154.0,13.5,12.833333333333334
20060293_sample_sff_10,claw2,2.6,1.2247448713915892,-0.48989794855663565,-0.045768085093557044,24.0,154.0,13.5,12.833333333333334
20060293_sample_sff_10,claw3,4.2,1.632993161855452,-0.12247448713915901,-0.01144202127338927,24.0,154.0,13.5,12.833333333333334
20060293_sample_sff_10,claw4,10.24,1.562049935181331,0.4865401437450045,0.045454386502250275,24.0,154.0,13.5,12.833333333333334
20060293_sample_sff_10,claw5,0.8,1.0801234497346435,2.036804219499613,0.1902858117933053,24.0,154.0,13.5,12.833333333333334
20060293_sample_sff_10,claw6,4.88,1.7397317800933187,2.9429823945190936,0.27494434107763666,24.0,154.0,13.5,12.833333333333334
20060293_sample_sff_10,claw7,1.44,1.3564659966250536,4.098886381106141,0.3829331827822509,24.0,154.0,13.5,12.833333333333334
20060293_sample_sff_10,claw8,0.0,0.0,3.0,0.2802711374587391,24.0,154.0,13.5,12.833333333333334
20060293_sample_sff_10,claw9,0.12,0.33166247903553997,8.683526723839593,0.811247304014627,24.0,154.0,13.5,12.833333333333334
14203895_sample_rn_10,claw1,0.0,0.0,0.0,0.0,16.0,31.0,4.0,3.875
14203895_sample_rn_10,claw2,0.04,0.2,-0.19999999999999998,-0.06597577463538581,16.0,31.0,4.0,3.875
14203895_sample_rn_10,claw3,0.04,0.2,-0.19999999999999998,-0.06597577463538581,16.0,31.0,4.0,3.875
14203895_sample_rn_10,claw4,1.28,0.7916228058025278,0.9095240747518405,0.30003277690642616,16.0,31.0,4.0,3.875
14203895_sample_rn_10,claw5,0.0,0.0,0.0,0.0,16.0,31.0,4.0,3.875
14203895_sample_rn_10,claw6,0.84,0.9433981132056605,2.2895954208137375,0.7552891574490924,16.0,31.0,4.0,3.875
14203895_sample_rn_10,claw7,0.24,0.4358898943540674,1.7435595774162693,0.5751634687149215,16.0,31.0,4.0,3.875
14203895_sample_rn_10,claw8,0.0,0.0,0.0,0.0,16.0,31.0,4.0,3.875
14203895_sample_rn_10,claw9,0.0,0.0,0.0,0.0,16.0,31.0,4.0,3.875
14338082_sample_rw_20,claw1,3.16,1.624807680927192,1.132441717009861,0.07761771210368129,42.0,269.0,30.5,12.80952380952381
14338082_sample_rw_20,claw2,5.44,1.5022205785658331,1.7041438764232788,0.1168022572788368,42.0,269.0,30.5,12.80952380952381
14338082_sample_rw_20,claw3,6.24,1.614517471774978,1.7094890877617412,0.11716861880417656,42.0,269.0,30.5,12.80952380952381
14338082_sample_rw_20,claw4,20.56,1.5297058540778357,-6.249567506403463,-0.42834622232511893,42.0,269.0,30.5,12.80952380952381
14338082_sample_rw_20,claw5,2.64,1.2206555615733703,3.571851173463016,0.24481517405688652,42.0,269.0,30.5,12.80952380952381
14338082_sample_rw_20,claw6,14.44,2.3288051299611428,0.2404666636960493,0.01648161842940141,42.0,269.0,30.5,12.80952380952381
14338082_sample_rw_20,claw7,5.2,2.254624876411447,3.903088310640145,0.26751821330851994,42.0,269.0,30.5,12.80952380952381
14338082_sample_rw_20,claw8,1.24,1.0908712114635715,8.030278833967131,0.5503964233081311,42.0,269.0,30.5,12.80952380952381
14338082_sample_rw_20,claw9,1.64,1.319090595827292,8.611993775056341,0.5902672459259092,42.0,269.0,30.5,12.80952380952381
7861312_sample_rn_20,claw1,1.92,1.3820274961085253,1.505035179008237,0.07238762833665918,39.0,178.0,14.0,9.128205128205128
7861312_sample_rn_20,claw2,2.32,1.46401275039985,-0.901631491692598,-0.04336574070001469,39.0,178.0,14.0,9.128205128205128
7861312_sample_rn_20,claw3,2.16,1.1789826122551597,-1.8320880881087371,-0.08811788152980439,39.0,178.0,14.0,9.128205128205128
7861312_sample_rn_20,claw4,13.56,1.7578395831246947,-4.300733737353622,-0.20685225149330635,39.0,178.0,14.0,9.128205128205128
7861312_sample_rn_20,claw5,1.12,0.9712534856222311,1.935642989013916,0.09309855825000125,39.0,178.0,14.0,9.128205128205128
7861312_sample_rn_20,claw6,8.0,1.6072751268321592,0.0,0.0,39.0,178.0,14.0,9.128205128205128
7861312_sample_rn_20,claw7,2.56,1.8726095873584188,5.5751076308047205,0.2681457714373837,39.0,178.0,14.0,9.128205128205128
7861312_sample_rn_20,claw8,0.04,0.2,9.799999999999999,0.47135028309884935,39.0,178.0,14.0,9.128205128205128
7861312_sample_rn_20,claw9,0.4,0.5773502691896257,16.627687752661224,0.7997413601526672,39.0,178.0,14.0,9.128205128205128
20060293_sample_rw_15,claw1,7.04,2.4576411454889016,1.204406918981316,0.10355374188568094,36.0,341.0,21.0,18.944444444444443
20060293_sample_rw_15,claw2,12.36,1.7530925056406275,0.3650691551876364,0.031388292836028245,36.0,341.0,21.0,18.944444444444443
20060293_sample_rw_15,claw3,13.56,1.6603212540549697,0.2650089546980117,0.022785213584959267,36.0,341.0,21.0,18.944444444444443
20060293_sample_rw_15,claw4,18.24,1.8321208111548393,-1.222626797513457,-0.10512026941800497,36.0,341.0,21.0,18.944444444444443
20060293_sample_rw_15,claw5,6.92,2.4819347291981715,2.852613292649846,0.2452649316034916,36.0,341.0,21.0,18.944444444444443
20060293_sample_rw_15,claw6,17.0,1.8929694486000912,1.0565410875907486,0.09084038073156092,36.0,341.0,21.0,18.944444444444443
20060293_sample_rw_15,claw7,8.84,2.6089589239132662,2.7443897005708595,0.23595997183991985,36.0,341.0,21.0,18.944444444444443
20060293_sample_rw_15,claw8,3.04,1.9252705437591535,5.173298907151395,0.44479523596704057,36.0,341.0,21.0,18.944444444444443
20060293_sample_rw_15,claw9,1.88,1.3940349110884322,9.41152900522139,0.8091941602100794,36.0,341.0,21.0,18.944444444444443
14203895_sample_rw_20,claw1,8.76,2.1071307505705477,0.11389895949029999,0.009047863526770943,42.0,425.0,23.5,20.238095238095237
14203895_sample_rw_20,claw2,15.0,1.5545631755148024,-4.502872646318739,-0.35769753617276495,42.0,425.0,23.5,20.238095238095237
14203895_sample_rw_20,claw3,15.76,2.3144473782453265,-3.352852206941581,-0.2663426367509856,42.0,425.0,23.5,20.238095238095237
14203895_sample_rw_20,claw4,23.4,2.1984843263788196,-5.185390618079699,-0.4119151470332714,42.0,425.0,23.5,20.238095238095237
14203895_sample_rw_20,claw5,10.04,2.2263572639328726,0.8803618501631,0.06993385988859413,42.0,425.0,23.5,20.238095238095237
14203895_sample_rw_20,claw6,20.72,1.7682382946499793,-2.669323481049435,-0.21204473397667223,42.0,425.0,23.5,20.238095238095237
14203895_sample_rw_20,claw7,12.4,2.0615528128088303,4.171612750624927,0.33138303478010533,42.0,425.0,23.5,20.238095238095237
14203895_sample_rw_20,claw8,6.28,3.1822423959633666,2.7402060921132865,0.21767548068583364,42.0,425.0,23.5,20.238095238095237
14203895_sample_rw_20,claw9,3.6,2.0,8.2,0.6513885750276779,42.0,425.0,23.5,20.238095238095237
7861312_sample_sff_15,claw1,8.52,1.98158185969358,0.746878052380263,0.06914414799656739,33.0,364.0,23.5,22.060606060606062
7861312_sample_sff_15,claw2,12.68,1.9304576314093678,-1.9062837433595188,-0.17647909836717574,33.0,364.0,23.5,22.060606060606062
7861312_sample_sff_15,claw3,13.84,2.1924111536540463,0.5290978373589517,0.04898258698916062,33.0,364.0,23.5,22.060606060606062
7861312_sample_sff_15,claw4,19.08,1.6563010998406458,-1.2558103114223114,-0.1162598549413397,33.0,364.0,23.5,22.060606060606062
7861312_sample_sff_15,claw5,6.6,2.4152294576982403,1.821773076663815,0.1686553070177397,33.0,364.0,23.5,22.060606060606062
7861312_sample_sff_15,claw6,17.0,1.8257418583505538,1.6431676725154982,0.15212045442960884,33.0,364.0,23.5,22.060606060606062
7861312_sample_sff_15,claw7,9.96,2.2818121453499773,4.4000116400730676,0.407342343315953,33.0,364.0,23.5,22.060606060606062
7861312_sample_sff_15,claw8,4.0,2.4324199198877374,3.7000190330686706,0.3425387354699794,33.0,364.0,23.5,22.060606060606062
7861312_sample_sff_15,claw9,1.92,2.019075696121041,8.459316326184966,0.7831428680270174,33.0,364.0,23.5,22.060606060606062
7861312_sample_rpn_20,claw1,5.92,1.7540429489230491,2.326054788170978,0.10333222068013119,37.0,289.0,19.5,15.621621621621621
7861312_sample_rpn_20,claw2,8.68,2.0760539492026693,-2.73595972887962,-0.12154176071615379,37.0,289.0,19.5,15.621621621621621
7861312_sample_rpn_20,claw3,8.0,2.140872096444188,-0.9341987329938276,-0.04150066891275712,37.0,289.0,19.5,15.621621621621621
7861312_sample_rpn_20,claw4,18.56,2.364318083507378,-4.466404107663311,-0.19841469652682364,37.0,289.0,19.5,15.621621621621621
7861312_sample_rpn_20,claw5,5.0,1.9364916731037085,2.065591117977289,0.09176143155492128,37.0,289.0,19.5,15.621621621621621
7861312_sample_rpn_20,claw6,14.96,1.9467922333931784,-1.5204498709350422,-0.06754417926676463,37.0,289.0,19.5,15.621621621621621
7861312_sample_rpn_20,claw7,7.0,2.140872096444188,5.605192397962965,0.2490040134765427,37.0,289.0,19.5,15.621621621621621
7861312_sample_rpn_20,claw8,1.64,1.823001188516709,5.1343905088815625,0.22808919885283563,37.0,289.0,19.5,15.621621621621621
7861312_sample_rpn_20,claw9,1.04,0.7895146188218007,20.214951844485466,0.8980252209257311,37.0,289.0,19.5,15.621621621621621
14338082_sample_rpn_10,claw1,0.12,0.33166247903554,2.6532998322843198,0.4550696324463868,20.0,54.0,15.0,5.4
14338082_sample_rpn_10,claw2,0.32,0.47609522856952335,-0.6721344403334447,-0.1152783296465089,20.0,54.0,15.0,5.4
14338082_sample_rpn_10,claw3,0.4,0.5,1.2,0.20581298513312815,20.0,54.0,15.0,5.4
14338082_sample_rpn_10,claw4,1.92,0.8621678104251708,-2.22694465831793,-0.38194510654557273,20.0,54.0,15.0,5.4
14338082_sample_rpn_10,claw5,0.0,0.0,0.0,0.0,20.0,54.0,15.0,5.4
14338082_sample_rpn_10,claw6,1.36,0.8602325267042626,0.7439848879604433,0.12760145890422894,20.0,54.0,15.0,5.4
14338082_sample_rpn_10,claw7,0.56,0.5830951894845301,2.469579626052127,0.42355962905145217,20.0,54.0,15.0,5.4
14338082_sample_rpn_10,claw8,0.0,0.0,1.0,0.17151082094427347,20.0,54.0,15.0,5.4
14338082_sample_rpn_10,claw9,0.32,0.47609522856952335,3.5287058117505845,0.6052112306441717,20.0,54.0,15.0,5.4
20060293,claw1,145.8,2.9860788111948198,2.076301528531721,0.09200627480573881,243.0,7542.0,120.5,62.074074074074076
20060293,claw2,158.4,2.1213203435596424,-5.845416057808796,-0.25902545886432793,243.0,7542.0,120.5,62.074074074074076
20060293,claw3,162.44,2.8589042189855425,-2.952180049947549,-0.13081871068291911,243.0,7542.0,120.5,62.074074074074076
20060293,claw4,193.76,2.665833203084294,-8.162551195935396,-0.36170369193930424,243.0,7542.0,120.5,62.074074074074076
20060293,claw5,137.88,3.2444824959716874,5.276650443100249,0.2338219878232334,243.0,7542.0,120.5,62.074074074074076
20060293,claw6,170.96,4.334743360338648,2.546863581593329,0.11285809279662343,243.0,7542.0,120.5,62.074074074074076
20060293,claw7,135.68,4.8194052191807515,7.743694149533249,0.34314305612315266,243.0,7542.0,120.5,62.074074074074076
20060293,claw8,116.16,5.28898225874632,8.099857005410835,0.35892555069013543,243.0,7542.0,120.5,62.074074074074076
20060293,claw9,87.76,4.772141378179541,15.347407839777647,0.6800832171331513,243.0,7542.0,120.5,62.074074074074076
100318079_sample_rn_10,claw1,0.12,0.33166247903553997,5.668413278061956,0.561039219390813,20.0,74.0,8.0,7.4
100318079_sample_rn_10,claw2,0.4,0.7071067811865476,0.8485281374238569,0.0839842722290331,20.0,74.0,8.0,7.4
100318079_sample_rn_10,claw3,0.68,0.9882644720249062,-0.6880749225019825,-0.06810318839964567,20.0,74.0,8.0,7.4
100318079_sample_rn_10,claw4,2.88,1.4236104336041748,0.08429272304235254,0.008342991453893523,20.0,74.0,8.0,7.4
100318079_sample_rn_10,claw5,0.12,0.439696865275764,2.0013788350483046,0.19808930016914741,20.0,74.0,8.0,7.4
100318079_sample_rn_10,claw6,2.08,1.5253414918196733,1.258734526200762,0.12458502959427682,20.0,74.0,8.0,7.4
100318079_sample_rn_10,claw7,0.44,0.5830951894845301,7.820335482498401,0.7740287624150232,20.0,74.0,8.0,7.4
100318079_sample_rn_10,claw8,0.0,0.0,1.0,0.09897641401027726,20.0,74.0,8.0,7.4
100318079_sample_rn_10,claw9,0.0,0.0,1.0,0.09897641401027726,20.0,74.0,8.0,7.4
14203895_sample_rpn_10,claw1,0.04,0.2,-0.19999999999999998,-0.019226806793689936,17.0,43.0,8.0,5.0588235294117645
14203895_sample_rpn_10,claw2,0.08,0.27688746209726917,-0.2889260474058461,-0.02777562645568351,17.0,43.0,8.0,5.0588235294117645
14203895_sample_rpn_10,claw3,0.16,0.3741657386773941,-0.4276179870598791,-0.04110864209353449,17.0,43.0,8.0,5.0588235294117645
14203895_sample_rpn_10,claw4,2.6,1.0,-1.6,-0.15381445434951949,17.0,43.0,8.0,5.0588235294117645
14203895_sample_rpn_10,claw5,0.0,0.0,1.0,0.09613403396844968,17.0,43.0,8.0,5.0588235294117645
14203895_sample_rpn_10,claw6,1.32,0.9882644720249062,1.6999498085343097,0.16342303263829686,17.0,43.0,8.0,5.0588235294117645
14203895_sample_rpn_10,claw7,0.24,0.43588989435406733,8.626031593533122,0.8292552142256333,17.0,43.0,8.0,5.0588235294117645
14203895_sample_rpn_10,claw8,0.0,0.0,2.0,0.19226806793689935,17.0,43.0,8.0,5.0588235294117645
14203895_sample_rpn_10,claw9,0.04,0.2,4.8,0.46144336304855843,17.0,43.0,8.0,5.0588235294117645
100318079_sample_rw_15,claw1,9.08,2.1393145319626723,0.8974837366427523,0.11702645164939263,33.0,380.0,20.5,23.03030303030303
100318079_sample_rw_15,claw2,12.16,2.8237091446063163,-1.119095430220229,-0.14592327627643087,33.0,380.0,20.5,23.03030303030303
100318079_sample_rw_15,claw3,10.2,2.309401076758503,0.7794228634059951,0.10163202776243804,33.0,380.0,20.5,23.03030303030303
100318079_sample_rw_15,claw4,14.92,2.6444911293731606,-1.8604713569851212,-0.24259421359293712,33.0,380.0,20.5,23.03030303030303
100318079_sample_rw_15,claw5,8.2,2.886751345948129,1.6627687752661222,0.21681499255986775,33.0,380.0,20.5,23.03030303030303
100318079_sample_rw_15,claw6,14.12,2.315167380558045,-0.9157005311162415,-0.11940181148112995,33.0,380.0,20.5,23.03030303030303
100318079_sample_rw_15,claw7,6.52,2.9314387821227537,3.57503628044761,0.466163110636023,33.0,380.0,20.5,23.03030303030303
100318079_sample_rw_15,claw8,4.04,2.9223278392404914,4.092627746758347,0.5336539076647636,33.0,380.0,20.5,23.03030303030303
100318079_sample_rw_15,claw9,2.32,2.6413380447543373,4.4220011986713805,0.5766022138804086,33.0,380.0,20.5,23.03030303030303
100318079_sample_rpn_10,claw1,0.24,0.5228129047119373,5.279135184164441,0.3777533897053438,18.0,103.0,10.5,11.444444444444445
100318079_sample_rpn_10,claw2,0.68,0.8524474568362947,1.5484825362714345,0.11080309682742948,18.0,103.0,10.5,11.444444444444445
100318079_sample_rpn_10,claw3,0.76,0.9695359714832659,-0.783880147156683,-0.056091267296847644,18.0,103.0,10.5,11.444444444444445
100318079_sample_rpn_10,claw4,2.84,1.106044001535804,-0.7594634560954292,-0.05434410843616076,18.0,103.0,10.5,11.444444444444445
100318079_sample_rpn_10,claw5,0.48,0.6531972647421809,3.8579463448835054,0.2760589108330911,18.0,103.0,10.5,11.444444444444445
100318079_sample_rpn_10,claw6,1.68,1.1075498483890767,2.0947138436923844,0.14988918209389424,18.0,103.0,10.5,11.444444444444445
100318079_sample_rpn_10,claw7,0.88,0.971253485622231,3.2123436838954356,0.22986221666193524,18.0,103.0,10.5,11.444444444444445
100318079_sample_rpn_10,claw8,0.08,0.4,4.8,0.3434684294550108,18.0,103.0,10.5,11.444444444444445
100318079_sample_rpn_10,claw9,0.08,0.27688746209726917,10.545800730313381,0.7546145029554674,18.0,103.0,10.5,11.444444444444445
20060293_sample_rn_10,claw1,0.16,0.3741657386773941,-0.4276179870598791,-0.08951195112962071,15.0,27.0,3.5,3.6
20060293_sample_rn_10,claw2,0.0,0.0,0.0,0.0,15.0,27.0,3.5,3.6
20060293_sample_rn_10,claw3,0.0,0.0,0.0,0.0,15.0,27.0,3.5,3.6
20060293_sample_rn_10,claw4,1.76,0.8306623862918076,0.28892604740584604,0.060479996207093795,15.0,27.0,3.5,3.6
20060293_sample_rn_10,claw5,0.0,0.0,1.0,0.20932690821793334,15.0,27.0,3.5,3.6
20060293_sample_rn_10,claw6,0.36,0.5686240703077328,4.642786223543549,0.9718600856911859,15.0,27.0,3.5,3.6
20060293_sample_rn_10,claw7,0.0,0.0,0.0,0.0,15.0,27.0,3.5,3.6
20060293_sample_rn_10,claw8,0.0,0.0,0.0,0.0,15.0,27.0,3.5,3.6
20060293_sample_rn_10,claw9,0.0,0.0,0.0,0.0,15.0,27.0,3.5,3.6
20060293_sample_rpn_10,claw1,0.28,0.45825756949558405,-0.6110100926607787,-0.09628955915268742,20.0,58.0,7.0,5.8
20060293_sample_rpn_10,claw2,0.28,0.541602560309064,-0.5169842621131976,-0.08147195485917157,20.0,58.0,7.0,5.8
20060293_sample_rpn_10,claw3,0.56,0.7118052168020874,2.023025353016459,0.3188101501701574,20.0,58.0,7.0,5.8
20060293_sample_rpn_10,claw4,4.6,1.1902380714238083,0.33606722016672264,0.0529610964928666,20.0,58.0,7.0,5.8
20060293_sample_rpn_10,claw5,0.04,0.2,4.8,0.7564357602019165,20.0,58.0,7.0,5.8
20060293_sample_rpn_10,claw6,1.68,1.2819256348686274,1.8097773668733563,0.2852042329806396,20.0,58.0,7.0,5.8
20060293_sample_rpn_10,claw7,0.32,0.5567764362830022,3.0173690740498182,0.475509556112214,20.0,58.0,7.0,5.8
20060293_sample_rpn_10,claw8,0.0,0.0,0.0,0.0,20.0,58.0,7.0,5.8
20060293_sample_rpn_10,claw9,0.0,0.0,0.0,0.0,20.0,58.0,7.0,5.8
100318079_sample_sff_20,claw1,20.32,2.982169232846006,2.2399801883895782,0.17903173696462785,44.0,732.0,29.0,33.27272727272727
100318079_sample_sff_20,claw2,24.4,2.0816659994661326,-4.035229475888196,-0.3225180945187371,44.0,732.0,29.0,33.27272727272727
100318079_sample_sff_20,claw3,26.32,2.0760539492026697,-6.416018237443052,-0.5128040396964361,44.0,732.0,29.0,33.27272727272727
100318079_sample_sff_20,claw4,29.24,1.8321208111548393,0.4148198062992098,0.03315471754349358,44.0,732.0,29.0,33.27272727272727
100318079_sample_sff_20,claw5,17.96,2.936551265231604,2.7379055476376606,0.21882871481603036,44.0,732.0,29.0,33.27272727272727
100318079_sample_sff_20,claw6,27.92,1.705872210923198,1.2193175940619412,0.09745467746006425,44.0,732.0,29.0,33.27272727272727
100318079_sample_sff_20,claw7,19.84,3.60185137579736,2.265501584776962,0.18107154961506072,44.0,732.0,29.0,33.27272727272727
100318079_sample_sff_20,claw8,11.28,3.7696153649941526,5.231302955502089,0.41811497242976586,44.0,732.0,29.0,33.27272727272727
100318079_sample_sff_20,claw9,6.44,3.39214779552228,7.240250567035968,0.5786812945017616,44.0,732.0,29.0,33.27272727272727
100318079_sample_rpn_15,claw1,2.96,2.1501937897160186,0.01860297438831452,0.0031436767565539885,23.0,274.0,17.0,23.82608695652174
100318079_sample_rpn_15,claw2,6.04,1.767295485574875,-3.4176514619655003,-0.5775415930117365,23.0,274.0,17.0,23.82608695652174
100318079_sample_rpn_15,claw3,6.76,2.420055095791554,-1.5536836357728359,-0.26255366646558537,23.0,274.0,17.0,23.82608695652174
100318079_sample_rpn_15,claw4,7.24,2.6343879744638983,-0.09110275416013489,-0.015395259098521859,23.0,274.0,17.0,23.82608695652174
100318079_sample_rpn_15,claw5,2.52,2.0231987873991355,1.720048480492425,0.29066730488360126,23.0,274.0,17.0,23.82608695652174
100318079_sample_rpn_15,claw6,8.16,2.5768197453450252,1.1021337465029926,0.18624721881419196,23.0,274.0,17.0,23.82608695652174
100318079_sample_rpn_15,claw7,5.12,3.0044411571316663,1.9571027330798596,0.3307265947770233,23.0,274.0,17.0,23.82608695652174
100318079_sample_rpn_15,claw8,1.52,1.584297951775486,2.827750925878158,0.4778555661825325,23.0,274.0,17.0,23.82608695652174
100318079_sample_rpn_15,claw9,0.8,1.4433756729740645,2.217025033688163,0.3746503070757206,23.0,274.0,17.0,23.82608695652174
14338082,claw1,94.4,4.983305462575352,0.12040201117631605,0.003526414105307311,215.0,3237.0,135.5,30.111627906976743
14338082,claw2,109.32,4.687927758260217,-6.254362590877729,-0.18318192731747385,215.0,3237.0,135.5,30.111627906976743
14338082,claw3,110.44,3.969466798786289,-5.6531522084682235,-0.16557327815893616,215.0,3237.0,135.5,30.111627906976743
14338082,claw4,175.08,2.465089585931243,-21.93835076365798,-0.6425449942597048,215.0,3237.0,135.5,30.111627906976743
14338082,claw5,79.68,5.970203793283218,4.576058195992635,0.13402663303874973,215.0,3237.0,135.5,30.111627906976743
14338082,claw6,119.24,4.57602447545902,3.8810981224523506,0.11367218063372264,215.0,3237.0,135.5,30.111627906976743
14338082,claw7,70.36,5.154932912592883,14.867312785541335,0.4354437355549898,215.0,3237.0,135.5,30.111627906976743
14338082,claw8,50.76,6.802450538837701,9.884673121267406,0.28950887431726,215.0,3237.0,135.5,30.111627906976743
14338082,claw9,32.32,6.011932578907828,16.081351334376343,0.4710013032498451,215.0,3237.0,135.5,30.111627906976743
100318079_sample_rw_10,claw1,1.24,0.879393730551528,0.8642317696799499,0.14670264655788232,22.0,192.0,16.0,17.454545454545453
100318079_sample_rw_10,claw2,2.6,1.7320508075688772,-0.3464101615137755,-0.058802845800767306,22.0,192.0,16.0,17.454545454545453
100318079_sample_rw_10,claw3,1.72,1.458309523615157,1.5634540974181312,0.2653950733007012,22.0,192.0,16.0,17.454545454545453
100318079_sample_rw_10,claw4,4.8,1.8929694486000914,0.10565410875907494,0.01793469983221125,22.0,192.0,16.0,17.454545454545453
100318079_sample_rw_10,claw5,1.72,1.2083045973594573,3.5421532032181346,0.6012776521951047,22.0,192.0,16.0,17.454545454545453
100318079_sample_rw_10,claw6,3.28,1.9476481543988722,0.8831163863530916,0.14990829502207495,22.0,192.0,16.0,17.454545454545453
100318079_sample_rw_10,claw7,2.12,2.471841418861655,1.165123287450338,0.19777873925935863,22.0,192.0,16.0,17.454545454545453
100318079_sample_rw_10,claw8,0.88,1.2013880860626733,3.429366453518393,0.5821321923102626,22.0,192.0,16.0,17.454545454545453
100318079_sample_rw_10,claw9,0.6,1.0801234497346432,2.2219682394541236,0.3771773183207486,22.0,192.0,16.0,17.454545454545453
20060293_sample_sff_20,claw1,15.28,1.5684387141358123,3.009362085658957,0.28409559383978317,48.0,616.0,35.0,25.666666666666668
20060293_sample_sff_20,claw2,20.64,2.72151918359336,-0.23516277373984043,-0.02220028894927793,48.0,616.0,35.0,25.666666666666668
20060293_sample_sff_20,claw3,21.8,1.8929694486000912,-0.4226164350362998,-0.039896650406492894,48.0,616.0,35.0,25.666666666666668
20060293_sample_sff_20,claw4,32.6,2.0615528128088303,-3.2014702504795958,-0.3022313587004744,48.0,616.0,35.0,25.666666666666668
20060293_sample_sff_20,claw5,15.64,2.28910462845192,4.0889349851736565,0.3860115133107387,48.0,616.0,35.0,25.666666666666668
20060293_sample_sff_20,claw6,26.76,2.314447378245327,-0.32837212336025856,-0.03099961743753935,48.0,616.0,35.0,25.666666666666668
20060293_sample_sff_20,claw7,17.24,2.259793500890439,3.8764603918668894,0.3659530776545538,48.0,616.0,35.0,25.666666666666668
20060293_sample_sff_20,claw8,9.6,3.3166247903554,4.341763361919797,0.4098795045283907,48.0,616.0,35.0,25.666666666666668
20060293_sample_sff_20,claw9,4.84,2.4946609656090213,6.477834151726049,0.6115329720209677,48.0,616.0,35.0,25.666666666666668
14203895_sample_rn_20,claw1,1.16,1.0279429296739517,1.7899826409464394,0.12109550953164788,41.0,186.0,16.5,9.073170731707316
14203895_sample_rn_20,claw2,3.32,1.7253019059476713,0.9737426210499734,0.06587542032607743,41.0,186.0,16.5,9.073170731707316
14203895_sample_rn_20,claw3,3.56,1.3253930234714029,-1.9315025465389704,-0.13066958286877084,41.0,186.0,16.5,9.073170731707316
14203895_sample_rn_20,claw4,13.4,1.7795130420052185,-5.844295464269771,-0.39537698350250267,41.0,186.0,16.5,9.073170731707316
14203895_sample_rn_20,claw5,1.6,1.1902380714238083,2.0164033210003343,0.13641327127548875,41.0,186.0,16.5,9.073170731707316
14203895_sample_rn_20,claw6,9.04,1.7907168024751057,1.0945337628434122,0.07404715592159804,41.0,186.0,16.5,9.073170731707316
14203895_sample_rn_20,claw7,3.52,1.8284784202536637,2.9970274405752972,0.20275423721701655,41.0,186.0,16.5,9.073170731707316
14203895_sample_rn_20,claw8,0.36,0.7000000000000001,9.485714285714284,0.6417254438248899,41.0,186.0,16.5,9.073170731707316
14203895_sample_rn_20,claw9,0.76,0.9695359714832659,8.498911069172458,0.5749664509826923,41.0,186.0,16.5,9.073170731707316
20060293_sample_rpn_15,claw1,1.52,1.004987562112089,2.4676922317207732,0.1885441637603427,30.0,183.0,17.5,12.2
20060293_sample_rpn_15,claw2,3.32,1.5737428845483836,1.0675187265308013,0.0815638283433356,30.0,183.0,17.5,12.2
20060293_sample_rpn_15,claw3,4.6,1.8257418583505538,0.7668115805072327,0.05858828193808664,30.0,183.0,17.5,12.2
20060293_sample_rpn_15,claw4,12.44,1.5297058540778357,-1.5950778991238963,-0.12187201659795524,30.0,183.0,17.5,12.2
20060293_sample_rpn_15,claw5,1.0,1.0,5.0,0.38202528122574453,30.0,183.0,17.5,12.2
20060293_sample_rpn_15,claw6,7.96,1.9252705437591535,2.0984063840252642,0.16032885779662984,30.0,183.0,17.5,12.2
20060293_sample_rpn_15,claw7,3.08,1.7540429489230491,3.3750598887186736,0.25787164062829626,30.0,183.0,17.5,12.2
20060293_sample_rpn_15,claw8,0.52,0.7702813338860895,8.412510747609877,0.6427583568340522,30.0,183.0,17.5,12.2
20060293_sample_rpn_15,claw9,0.56,0.9165151389911681,7.026616065598954,0.5368689957051549,30.0,183.0,17.5,12.2
7861312_sample_rw_20,claw1,9.2,2.345207879911715,0.341121146168977,0.026179878321901363,44.0,407.0,21.5,18.5
7861312_sample_rw_20,claw2,13.12,2.3685438564654024,-2.583866025234984,-0.19830285779832063,44.0,407.0,21.5,18.5
7861312_sample_rw_20,claw3,13.2,2.101586702153082,-1.04682809314795,-0.08034046675308033,44.0,407.0,21.5,18.5
7861312_sample_rw_20,claw4,23.96,2.4576411454889016,-4.052666524680374,-0.31102825986290056,44.0,407.0,21.5,18.5
7861312_sample_rw_20,claw5,8.8,2.5980762113533156,2.001480933190703,0.15360679888364992,44.0,407.0,21.5,18.5
7861312_sample_rw_20,claw6,20.0,2.533114025595111,0.39477101697586137,0.030297321950019943,44.0,407.0,21.5,18.5
7861312_sample_rw_20,claw7,10.16,2.794041278626117,4.59549402445252,0.3526884092069612,44.0,407.0,21.5,18.5
7861312_sample_rw_20,claw8,3.84,2.0952326839756963,5.8036513524247075,0.44541034156221154,44.0,407.0,21.5,18.5
7861312_sample_rw_20,claw9,2.6,1.8708286933869707,9.300691218552368,0.713796160530788,44.0,407.0,21.5,18.5
20060293_sample_rn_15,claw1,1.36,0.9521904571390467,2.772554566375459,0.5060836648335155,29.0,151.0,12.0,10.413793103448276
20060293_sample_rn_15,claw2,2.68,0.9882644720249062,1.3356748495626718,0.24380520083913568,29.0,151.0,12.0,10.413793103448276
20060293_sample_rn_15,claw3,2.24,1.2342339054382412,1.4259857813378365,0.2602899574897702,29.0,151.0,12.0,10.413793103448276
20060293_sample_rn_15,claw4,8.28,1.7916472867168918,-0.7144263323980126,-0.13040662966147418,29.0,151.0,12.0,10.413793103448276
20060293_sample_rn_15,claw5,1.36,1.2543258481484518,1.3074752484937253,0.23865783327101153,29.0,151.0,12.0,10.413793103448276
20060293_sample_rn_15,claw6,5.36,2.0591260281974,0.7964544071329565,0.1453794886935572,29.0,151.0,12.0,10.413793103448276
20060293_sample_rn_15,claw7,2.16,1.841195263952197,2.0856017149193025,0.3806918616030193,29.0,151.0,12.0,10.413793103448276
20060293_sample_rn_15,claw8,0.36,0.6377042156569664,2.5717251975674382,0.46942560796236316,29.0,151.0,12.0,10.413793103448276
20060293_sample_rn_15,claw9,0.36,0.7571877794400365,2.1659092295610347,0.3953506610425162,29.0,151.0,12.0,10.413793103448276
14338082_sample_rn_20,claw1,0.8,0.6454972243679028,1.85903200617956,0.1253781569227582,41.0,144.0,25.0,7.024390243902439
14338082_sample_rn_20,claw2,1.2,0.7637626158259734,-0.2618614682831908,-0.017660647128881445,41.0,144.0,25.0,7.024390243902439
14338082_sample_rn_20,claw3,1.04,0.7895146188218007,1.2159369530517572,0.08200608359680853,41.0,144.0,25.0,7.024390243902439
14338082_sample_rn_20,claw4,9.36,1.6552945357246849,-3.238094420249748,-0.21838586372007157,41.0,144.0,25.0,7.024390243902439
14338082_sample_rn_20,claw5,0.48,0.6531972647421809,2.327015255644019,0.1569402156143448,41.0,144.0,25.0,7.024390243902439
14338082_sample_rn_20,claw6,3.72,1.9689252567496478,1.157992154442613,0.07809812933420011,41.0,144.0,25.0,7.024390243902439
14338082_sample_rn_20,claw7,1.2,1.118033988749895,6.082104898799428,0.41019363834917033,41.0,144.0,25.0,7.024390243902439
14338082_sample_rn_20,claw8,0.12,0.439696865275764,4.275672965785015,0.28836297291957974,41.0,144.0,25.0,7.024390243902439
14338082_sample_rn_20,claw9,0.32,0.4760952285695233,11.930386315918645,0.8046175873756838,41.0,144.0,25.0,7.024390243902439
14338082_sample_rpn_15,claw1,0.48,0.6531972647421809,0.7960841664045328,0.06067929916205893,25.0,99.0,16.5,7.92
14338082_sample_rpn_15,claw2,1.16,0.8981462390204987,-1.2915491371038572,-0.0984447371020816,25.0,99.0,16.5,7.92
14338082_sample_rpn_15,claw3,1.36,0.9521904571390466,-1.4282856857085702,-0.1088670998236592,25.0,99.0,16.5,7.92
14338082_sample_rpn_15,claw4,6.48,1.228820572744451,-2.8319838365236345,-0.21586008325558195,25.0,99.0,16.5,7.92
14338082_sample_rpn_15,claw5,0.28,0.458257569495584,1.5711688096991452,0.11975796814100235,25.0,99.0,16.5,7.92
14338082_sample_rpn_15,claw6,3.96,1.4854853303438127,1.373288553127513,0.1046750965132384,25.0,99.0,16.5,7.92
14338082_sample_rpn_15,claw7,1.28,1.1,5.199999999999999,0.39635552239129396,25.0,99.0,16.5,7.92
14338082_sample_rpn_15,claw8,0.04,0.2,4.8,0.3658666360535021,25.0,99.0,16.5,7.92
14338082_sample_rpn_15,claw9,0.16,0.3741657386773941,10.262831689437096,0.7822557722078397,25.0,99.0,16.5,7.92
14338082_sample_sff_20,claw1,8.72,1.6960738977611403,0.1650871464796471,0.010224363535063168,43.0,367.0,24.5,17.069767441860463
14338082_sample_sff_20,claw2,11.04,2.936551265231604,-1.7162990000116676,-0.1062957673276405,43.0,367.0,24.5,17.069767441860463
14338082_sample_sff_20,claw3,11.88,2.2045407685048604,-2.2136129527373907,-0.13709597650294347,43.0,367.0,24.5,17.069767441860463
14338082_sample_sff_20,claw4,24.8,2.7080128015453204,-2.14179194304039,-0.13264787664625374,43.0,367.0,24.5,17.069767441860463
14338082_sample_sff_20,claw5,7.32,2.824299323136035,2.719258520896542,0.16841218869145627,43.0,367.0,24.5,17.069767441860463
14338082_sample_sff_20,claw6,16.68,2.5285041691350507,1.7085200225229542,0.10581399091153723,43.0,367.0,24.5,17.069767441860463
14338082_sample_sff_20,claw7,6.76,2.817800560721074,6.118247061313769,0.37892218435016717,43.0,367.0,24.5,17.069767441860463
14338082_sample_sff_20,claw8,2.28,1.9043809142780934,6.679336000813607,0.4136721780067397,43.0,367.0,24.5,17.069767441860463
14338082_sample_sff_20,claw9,1.28,1.3391539617733776,12.485494929842497,0.7732657678084943,43.0,367.0,24.5,17.069767441860463
7861312_sample_sff_10,claw1,0.48,0.6531972647421808,0.796084166404533,0.0528690021202176,22.0,88.0,15.0,8.0
7861312_sample_sff_10,claw2,1.2,0.9128709291752769,-1.3145341380123985,-0.08729995025973196,22.0,88.0,15.0,8.0
7861312_sample_sff_10,claw3,1.0,0.7071067811865476,1.414213562373095,0.0939197926335216,22.0,88.0,15.0,8.0
7861312_sample_sff_10,claw4,5.12,1.3012814197295424,-1.6291633522598208,-0.10819489239914976,22.0,88.0,15.0,8.0
7861312_sample_sff_10,claw5,0.44,0.5066228051190221,1.1053588475324119,0.073408342635088,22.0,88.0,15.0,8.0
7861312_sample_sff_10,claw6,3.16,1.8636880997992487,1.5238601353444907,0.10120156652569771,22.0,88.0,15.0,8.0
7861312_sample_sff_10,claw7,1.0,1.2583057392117916,3.9735970711951314,0.2638918356217537,22.0,88.0,15.0,8.0
7861312_sample_sff_10,claw8,0.12,0.33166247903553997,11.698640169617228,0.776922162294163,22.0,88.0,15.0,8.0
7861312_sample_sff_10,claw9,0.24,0.5972157622389639,7.970318770815331,0.5293194083939596,22.0,88.0,15.0,8.0
20060293_sample_rw_10,claw1,1.56,0.9165151389911681,2.6622582608791068,0.21583332143412473,24.0,165.0,14.0,13.75
20060293_sample_rw_10,claw2,3.8,1.6832508230603465,2.4951718083012193,0.20228736890335017,24.0,165.0,14.0,13.75
20060293_sample_rw_10,claw3,3.68,1.46401275039985,3.63384813318532,0.294601588319833,24.0,165.0,14.0,13.75
20060293_sample_rw_10,claw4,9.2,1.5545631755148024,-0.12865350418053492,-0.010430135020880619,24.0,165.0,14.0,13.75
20060293_sample_rw_10,claw5,1.52,1.1224972160321824,5.772842825308367,0.46801313734754946,24.0,165.0,14.0,13.75
20060293_sample_rw_10,claw6,7.96,1.457166199626293,2.7725046058823657,0.22477116009827014,24.0,165.0,14.0,13.75
20060293_sample_rw_10,claw7,2.76,2.005824851110718,4.108035651984833,0.3330446908050554,24.0,165.0,14.0,13.75
20060293_sample_rw_10,claw8,0.68,0.9,4.8,0.3891432916586012,24.0,165.0,14.0,13.75
20060293_sample_rw_10,claw9,0.6,0.9574271077563381,6.684581988698797,0.5419292163425101,24.0,165.0,14.0,13.75
14203895_sample_sff_20,claw1,18.0,2.8722813232690143,0.0,0.0,43.0,689.0,33.0,32.04651162790697
14203895_sample_sff_20,claw2,23.92,2.498666310921355,-4.370331465338153,-0.3106796163912861,43.0,689.0,33.0,32.04651162790697
14203895_sample_sff_20,claw3,23.2,1.7795130420052185,-6.293856653828983,-0.44741983218932696,43.0,689.0,33.0,32.04651162790697
14203895_sample_sff_20,claw4,29.32,2.41039415863879,-5.52606715887585,-0.3928389502463501,43.0,689.0,33.0,32.04651162790697
14203895_sample_sff_20,claw5,19.52,2.3825756371344577,0.6211765019892539,0.04415840740683271,43.0,689.0,33.0,32.04651162790697
14203895_sample_sff_20,claw6,29.56,2.0631690833925043,-1.2408095975297124,-0.0882070966087076,43.0,689.0,33.0,32.04651162790697
14203895_sample_sff_20,claw7,21.28,3.116087290176577,2.4774658990899243,0.17611894229450517,43.0,689.0,33.0,32.04651162790697
14203895_sample_sff_20,claw8,14.32,2.3579652245103193,5.377517814171015,0.38227882367606403,43.0,689.0,33.0,32.04651162790697
14203895_sample_sff_20,claw9,7.32,2.5612496949731396,8.464617894362448,0.6017356489265425,43.0,689.0,33.0,32.04651162790697
14203895_sample_rpn_15,claw1,0.2,0.4082482904638631,1.9595917942265424,0.10304833158014556,18.0,96.0,9.5,10.666666666666666
14203895_sample_rpn_15,claw2,1.56,1.3253930234714029,-1.177009364297185,-0.06189495771638796,18.0,96.0,9.5,10.666666666666666
14203895_sample_rpn_15,claw3,1.36,1.0754843869934452,-1.2645464838424372,-0.06649823996478624,18.0,96.0,9.5,10.666666666666666
14203895_sample_rpn_15,claw4,4.08,1.2220201853215573,-0.8837824554557692,-0.0464751423142532,18.0,96.0,9.5,10.666666666666666
14203895_sample_rpn_15,claw5,0.24,0.5228129047119374,1.4536749057844112,0.07644386659627493,18.0,96.0,9.5,10.666666666666666
14203895_sample_rpn_15,claw6,3.68,1.375984496036686,2.412817883895316,0.1268819649453,18.0,96.0,9.5,10.666666666666666
14203895_sample_rpn_15,claw7,1.4,1.3228756555322954,2.721344205666436,0.143106324937388,18.0,96.0,9.5,10.666666666666666
14203895_sample_rpn_15,claw8,0.2,0.4082482904638631,11.757550765359253,0.6182899894808733,18.0,96.0,9.5,10.666666666666666
14203895_sample_rpn_15,claw9,0.08,0.27688746209726917,14.157376322886458,0.7444887317470811,18.0,96.0,9.5,10.666666666666666
100318079_sample_rn_15,claw1,2.64,1.2543258481484518,4.273211787759981,0.28130280255989476,30.0,196.0,14.5,13.066666666666666
100318079_sample_rn_15,claw2,3.64,1.1135528725660044,-0.5747369664856797,-0.037834567402039346,30.0,196.0,14.5,13.066666666666666
100318079_sample_rn_15,claw3,4.32,1.1803954139750517,-1.9654430816426696,-0.1293838626771788,30.0,196.0,14.5,13.066666666666666
100318079_sample_rn_15,claw4,11.2,1.9364916731037085,-1.1360751148875086,-0.07478709916784516,30.0,196.0,14.5,13.066666666666666
100318079_sample_rn_15,claw5,1.48,1.3576941236277535,3.3291740174308013,0.21915739912432125,30.0,196.0,14.5,13.066666666666666
100318079_sample_rn_15,claw6,8.44,2.103172207246314,0.7417366940401473,0.04882805279922258,30.0,196.0,14.5,13.066666666666666
100318079_sample_rn_15,claw7,3.32,1.8867962264113207,5.1303897392307825,0.33773027959998897,30.0,196.0,14.5,13.066666666666666
100318079_sample_rn_15,claw8,0.56,0.8205689083394114,7.848213519365062,0.5166428830907858,30.0,196.0,14.5,13.066666666666666
100318079_sample_rn_15,claw9,0.48,0.918331820930394,10.366623243388164,0.6824281866395133,30.0,196.0,14.5,13.066666666666666
